 {
    "movies": [
      {
        "info": "English | 2022 | 16+ | 2h 6m | ACTION, THRILLER",
        "main_cast": "Brad Pitt, Joey King, Aaron Taylor-Johnson",
        "overview":"In Bullet Train, Brad Pitt stars as Ladybug, an unlucky assassin determined to do his job peacefully after one too many gigs gone off the rails. ",
        "poster_path": "assets/images/Movie_BulletTrain.jpg",
        "title": "Bullet Train",
        "vote_average": 7.5
      },
      {
        "info": "English | 2022 | 16+ | 1h 53m | HORROR",
        "main_cast": "Jamie Foxx, Dave Franco, Natasha Liu Bordizzo",
        "overview":"An LA vampire hunter has a week to come up with the cash to pay for his kid's tuition and braces. Trying to make a living these days just might kill him",
        "poster_path": "assets/images/Movie_DayShift.jpg",
        "title": "Day Shift",
        "vote_average": 6.9
      },
      {
        "info": "English | 2020 | 13+ | 2h 3m | ACTION, ADVENTURE, CRIME",
        "main_cast": "Millie Bobby Brown, Henry Cavill, Sam Claflin",
        "overview":"When Enola Holmes-Sherlock's teen sister-discovers her mother is missing, she sets off to find her, becoming a super-sleuth in her own right as she outwits her famous brother and unravels a dangerous conspiracy around a mysterious young Lord.",
        "poster_path": "assets/images/Movie_EnolaHolmes.jpg",
        "title": "Enola Holmes",
        "vote_average": 6.6
      },
      {
        "info": "English | 2021 | 18+ | 2h 8m | BIOGRAPHY, DRAMA, CRIME",
        "main_cast": "Lady Gaga, Adam Driver, Jared Leto",
        "overview":"When Patrizia Reggiani, an outsider from humble beginnings, marries into the Gucci family, her unbridled ambition begins to unravel their legacy and triggers a reckless spiral of betrayal, decadence, revenge, and ultimately...murder.",
        "poster_path": "assets/images/Movie_HouseOfGucci.jpg",
        "title": "House of Gucci",
        "vote_average": 6.6
      },
      {
        "info": "English | 2022 | 16+ | DRAMA",
        "main_cast": "Ashley Ann Cooper, Jose E.Moreno, Monica Bradley",
        "overview":"When Patrizia Reggiani, an outsider from humble beginnings, marries into the Gucci family, her unbridled ambition begins to unravel their legacy and triggers a reckless spiral of betrayal, decadence, revenge, and ultimately...murder.",
        "poster_path": "assets/images/Movie_Abilene.jpg",
        "title": "Abilene",
        "vote_average": 4.8
      },
      {
        "info": "English | 2009 | 16+ | 2h 41m | SCI-FI, ACTION",
        "main_cast": "Sam Worthington, Sigourney Weaver, Zoe Saldana",
        "overview":"The story of an ex-Marine who finds himself thrust into hostilities on an alien planet filled with exotic life forms. As an Avatar, a human mind in an alien body, he finds himself torn between two worlds, in a desperate fight for his own survival and that of the indigenous people.",
        "poster_path": "assets/images/Movie_Avatar.jpg",
        "title": "Avatar",
        "vote_average": 7.8
      },
      {
        "info": "English | 1985 | PG | 1h 56m | ADVENTURE, COMEDY, SCI-FI",
        "main_cast": "Michael J. Fox, Christopher Lloyd, Lea Thompson",
        "overview":"Marty McFly, a 17-year-old high school student, is accidentally sent 30 years into the past in a time-traveling DeLorean invented by his close friend, the maverick scientist Doc Brown.",
        "poster_path": "assets/images/Movie_BackToFuture.jpg",
        "title": "Back to future",
        "vote_average": 8.5
      },
      {
        "info": "English | 2021 | PG | BIOGRAPHY",
        "main_cast": "Rebecca Ferguson",
        "overview":"Lady Jessica shares the burden of House Atreides’ leadership with her beloved Duke Leto and an unbreakable bond to their son Paul Atreides. As a member of the mysterious Sisterhood known as the Bene Gesserit, she is a master of body and mind, able to weaponize her words through a power known as ‘the Voice’ to bend the will of those who dare to threaten her family. ",
        "poster_path": "assets/images/Movie_LadyJessica.jpg",
        "title": "Lady Jessica",
        "vote_average": 8.5
      },
      {
        "info": "English | 2021 | R | 1h 46m | HORROR, FANTASY, DRAMA",
        "main_cast": "Noomi Fapace, Hilmir Sner Gudnason",
        "overview":"A childless couple discovers a mysterious newborn on their farm in Iceland.",
        "poster_path": "assets/images/Movie_Lamb.jpg",
        "title": "Lamb",
        "vote_average": 6.3
      },
      {
        "info": "English | 2021 | R | 1h 56m | HORROR, MISTERY, DRAMA",
        "main_cast": "Thomasin McKenyie, Anza Taylor-Joy, Matt Smith",
        "overview":"An aspiring fashion designer is mysteriously able to enter the 1960s where she encounters a dazzling wannabe singer. But the glamour is not all it appears to be and the dreams of the past start to crack and splinter into something darker.",
        "poster_path": "assets/images/Movie_LastNightInSoho.jpg",
        "title": "Last night in Soho",
        "vote_average": 7.1
      },
      {
        "info": "English | 2022 | 13+ | 1h 52m | ROMANCE, ADVENTURE, ACTION",
        "main_cast": "Sanda Bullock, Channing Tatum, Daniel Radcliffe",
        "overview":"A reclusive romance novelist on a book tour with her cover model gets swept up in a kidnapping attempt that lands them both in a cutthroat jungle adventure.",
        "poster_path": "assets/images/Movie_LostCity.jpg",
        "title": "Lost city",
        "vote_average": 6.1
      }
    ]
  }
